idM,idO,date_entretien,idT
93,44,2023-08-29 20:34:14,1148
69,30,2024-07-29 01:45:01,1218
73,50,2023-09-19 23:59:42,1266
49,30,2022-10-12 19:26:47,1382
31,9,2024-12-22 21:52:17,1465
88,18,2022-01-17 15:01:12,1044
99,35,2024-12-29 16:37:26,1152
51,3,2023-01-05 14:21:00,1316
35,43,2022-10-28 07:48:44,1129
99,39,2024-05-06 18:09:46,1007
73,43,2022-05-17 02:46:21,1165
23,29,2024-07-04 10:04:28,1237
2,30,2022-01-19 21:46:06,1019
62,41,2024-11-23 15:28:14,1433
53,4,2023-09-02 11:40:08,1297
36,40,2024-10-25 00:33:51,1283
9,29,2022-12-10 20:37:02,1093
36,17,2022-10-10 12:25:22,1445
30,41,2023-06-26 22:43:55,1090
80,42,2022-06-10 20:34:44,1026
84,3,2022-09-12 18:37:55,1095
57,38,2024-01-20 11:07:10,1163
92,15,2022-02-15 22:35:34,1032
34,17,2024-11-08 02:46:32,1009
46,35,2024-01-13 20:01:54,1368
31,23,2022-02-18 23:35:05,1056
57,8,2022-03-26 20:09:06,1262
27,21,2022-03-26 19:23:30,1293
88,27,2023-02-11 15:19:26,1037
37,10,2023-12-04 20:47:27,1013
47,22,2022-12-24 13:29:07,1500
84,24,2023-03-23 21:51:17,1241
38,40,2024-10-29 00:21:45,1016
6,19,2022-06-25 13:01:15,1477
76,2,2022-06-14 07:39:44,1055
41,33,2023-10-29 21:31:20,1367
66,38,2024-05-05 01:21:43,1365
28,25,2023-01-12 17:42:22,1426
85,47,2023-10-01 00:59:40,1077
84,6,2023-02-22 07:02:10,1490
29,37,2022-03-26 15:44:40,1258
81,36,2024-12-28 14:31:29,1376
94,8,2023-04-03 19:08:43,1434
7,39,2024-08-19 22:26:38,1242
67,29,2023-12-23 19:43:01,1163
74,19,2022-10-22 18:07:18,1467
32,50,2022-09-25 05:04:55,1186
41,48,2022-09-10 19:48:27,1498
31,29,2022-05-07 09:09:23,1376
53,24,2024-11-14 13:57:08,1041
65,5,2023-01-21 10:09:19,1469
62,39,2023-02-01 17:09:54,1118
54,15,2023-05-07 14:52:46,1292
17,35,2024-06-25 11:08:19,1126
53,44,2024-04-30 05:03:38,1300
78,17,2023-12-31 03:55:18,1408
41,8,2022-11-11 03:20:34,1042
65,10,2023-03-24 07:27:12,1295
99,13,2023-06-26 03:34:55,1461
59,1,2022-07-17 00:11:05,1086
34,49,2022-05-13 06:19:51,1284
61,48,2024-02-18 23:06:56,1052
5,28,2022-05-19 09:44:17,1013
10,9,2024-01-26 14:25:25,1264
50,28,2024-08-07 05:36:21,1182
90,36,2022-05-20 13:27:52,1124
16,22,2024-02-19 14:55:36,1460
44,38,2024-06-22 01:31:31,1312
93,3,2023-11-07 05:01:32,1038
46,29,2024-03-19 22:18:30,1467
58,48,2023-03-24 17:13:39,1428
97,31,2023-04-23 01:56:13,1359
24,47,2022-05-28 09:26:00,1393
66,6,2023-10-08 13:35:15,1078
76,38,2024-09-07 16:20:46,1190
59,25,2024-01-08 22:16:42,1165
66,47,2023-04-26 06:04:02,1302
99,7,2022-11-02 19:59:35,1119
44,4,2022-11-22 14:19:09,1289
68,38,2023-07-21 20:34:06,1261
55,19,2024-07-13 06:02:21,1166
97,12,2023-02-25 13:18:01,1489
95,47,2022-06-06 19:12:20,1108
36,37,2023-04-17 10:31:46,1451
13,23,2023-11-05 22:44:55,1146
37,18,2022-07-01 07:46:18,1250
22,19,2023-04-26 14:43:55,1481
78,49,2024-10-01 20:58:25,1055
86,18,2024-10-09 08:16:35,1073
71,33,2022-04-16 02:14:58,1387
77,3,2022-07-04 21:26:29,1492
69,13,2024-09-02 06:08:08,1004
4,24,2023-06-19 18:15:20,1105
74,28,2022-11-05 14:41:24,1375
17,30,2023-05-03 01:59:33,1152
92,46,2024-10-02 04:54:49,1471
57,28,2024-07-13 23:52:32,1253
18,18,2022-10-16 01:07:32,1375
46,6,2024-01-03 05:50:43,1382
94,5,2024-05-18 16:27:22,1168
43,18,2022-06-21 14:47:26,1233
66,44,2023-11-22 12:47:49,1398
89,21,2022-03-23 03:02:45,1457
56,7,2024-10-09 13:54:14,1478
67,21,2024-02-12 02:07:29,1098
85,41,2024-07-10 08:48:27,1019
81,1,2024-11-05 08:31:02,1126
49,15,2022-05-30 21:03:59,1345
61,10,2022-08-03 06:25:32,1249
94,32,2024-06-10 04:28:24,1145
82,6,2022-05-25 07:29:30,1487
93,48,2023-07-20 08:31:39,1110
9,32,2022-01-04 12:02:08,1286
91,12,2023-11-01 06:47:15,1020
34,40,2023-04-03 21:13:39,1195
31,41,2023-11-22 23:22:24,1179
85,12,2023-06-15 05:38:41,1450
30,19,2022-11-25 14:38:34,1343
81,26,2023-06-16 03:22:31,1307
62,19,2023-01-27 01:19:13,1050
97,49,2022-08-28 17:29:39,1148
58,21,2023-04-05 10:55:51,1127
15,12,2023-12-27 08:21:00,1238
85,8,2024-11-13 03:58:19,1178
91,9,2024-02-03 04:20:03,1397
63,39,2024-08-23 23:27:56,1211
4,19,2024-01-23 12:11:32,1138
53,4,2023-07-10 16:46:08,1288
34,44,2024-04-25 02:52:07,1163
57,28,2023-03-27 07:06:01,1205
7,18,2022-10-13 11:10:47,1249
44,41,2024-03-08 08:45:01,1420
58,27,2022-02-19 23:07:04,1114
22,35,2023-09-19 21:26:58,1106
15,40,2024-05-03 14:37:35,1313
78,35,2022-12-28 00:06:00,1011
3,25,2024-11-06 13:19:14,1047
43,23,2024-05-04 13:47:35,1393
9,42,2024-04-18 18:49:12,1026
47,35,2023-07-22 22:05:44,1102
69,26,2024-12-14 19:30:38,1441
38,11,2024-02-26 00:19:22,1467
53,14,2023-02-14 09:33:54,1284
2,3,2024-03-14 00:01:36,1433
68,7,2022-01-22 22:20:44,1257
63,3,2023-03-12 17:47:42,1081
4,15,2022-11-06 23:35:52,1324
32,3,2024-04-25 18:58:39,1140
49,42,2024-04-01 03:46:35,1206
95,18,2022-05-24 15:45:25,1442
10,33,2022-04-03 23:36:32,1370
94,27,2024-02-10 07:41:50,1011
70,39,2022-01-17 03:24:50,1471
95,38,2022-06-16 06:33:13,1406
78,20,2023-03-05 06:44:09,1402
66,48,2022-12-21 11:32:18,1012
59,13,2022-11-27 20:36:23,1052
84,37,2022-10-17 09:00:51,1242
55,6,2023-02-17 08:32:29,1114
72,18,2024-11-24 17:46:21,1248
90,35,2022-11-08 10:38:09,1260
3,32,2022-09-25 20:27:24,1373
48,49,2023-03-08 00:59:43,1280
58,15,2024-02-22 11:07:44,1296
51,50,2024-12-03 20:00:31,1119
62,37,2023-05-05 13:24:04,1056
43,10,2023-12-05 21:16:18,1415
11,7,2023-11-21 18:08:07,1288
63,38,2022-07-05 08:02:24,1128
52,40,2022-04-02 20:35:49,1430
93,37,2023-06-03 11:57:54,1390
99,32,2022-09-12 12:15:14,1130
95,22,2023-03-27 23:38:36,1428
42,45,2022-06-14 22:04:57,1290
1,18,2023-10-18 14:37:36,1354
72,32,2022-08-18 02:24:40,1280
84,16,2023-07-02 07:09:01,1165
62,33,2023-05-21 04:51:25,1285
94,6,2024-07-29 05:23:54,1472
90,5,2022-04-26 00:33:11,1193
2,11,2022-05-20 08:59:01,1267
22,13,2024-03-30 05:20:58,1225
15,3,2024-08-10 09:00:29,1454
22,41,2023-04-10 11:30:31,1412
18,48,2023-07-29 10:12:05,1448
52,1,2023-08-23 01:23:42,1152
38,47,2022-05-09 18:05:18,1473
35,34,2024-08-21 20:20:39,1166
48,37,2023-11-05 12:50:26,1333
38,34,2022-07-01 17:03:08,1351
79,46,2022-08-12 21:15:25,1191
33,31,2023-07-23 17:18:02,1237
43,48,2022-08-19 15:01:05,1369
18,11,2024-12-26 19:46:56,1269
61,1,2024-02-23 00:20:23,1163
20,31,2023-04-01 20:26:28,1035
1,20,2024-12-23 16:11:42,1360
89,7,2022-07-25 12:05:02,1276
13,4,2023-05-18 03:50:21,1320
21,5,2023-05-29 05:16:51,1180
29,23,2023-11-28 19:06:28,1322
25,18,2022-01-16 11:19:22,1146
55,38,2024-06-17 17:25:35,1374
80,50,2022-12-01 19:07:06,1207
72,35,2024-10-20 01:36:43,1329
10,38,2023-12-24 00:10:47,1079
28,18,2022-04-23 18:13:00,1092
14,9,2022-10-15 22:00:02,1409
83,50,2023-07-26 22:30:42,1197
99,38,2022-12-28 12:36:35,1310
95,40,2022-10-31 13:48:05,1343
27,11,2024-09-22 14:33:27,1002
28,6,2024-05-07 18:49:47,1476
19,10,2024-05-29 16:08:18,1085
1,21,2023-06-05 15:11:38,1040
7,9,2024-09-08 01:39:13,1262
55,43,2024-06-02 22:07:10,1242
65,49,2022-12-25 03:54:30,1061
51,25,2022-09-21 15:30:41,1397
61,23,2023-02-27 03:43:28,1160
41,34,2024-07-07 07:42:24,1041
28,11,2024-08-25 04:44:44,1485
36,46,2023-11-25 23:28:21,1074
72,29,2024-07-08 15:56:38,1251
33,44,2024-02-01 03:13:17,1062
56,42,2023-09-03 21:44:44,1179
47,30,2022-07-14 22:09:57,1395
94,28,2024-01-04 16:37:38,1110
25,25,2023-11-07 14:04:54,1192
96,1,2022-07-16 00:16:01,1101
68,13,2023-04-30 01:52:38,1003
43,7,2023-10-04 21:01:52,1467
33,33,2023-02-08 21:50:09,1472
35,3,2022-01-15 05:29:43,1332
62,26,2022-10-29 01:43:23,1023
91,17,2024-12-26 07:59:26,1141
74,2,2023-11-16 16:06:23,1442
61,39,2024-02-26 05:48:56,1324
23,31,2023-05-13 15:45:11,1384
97,35,2024-08-16 01:20:23,1414
48,2,2022-04-24 18:09:28,1314
20,46,2024-09-06 05:17:15,1377
17,6,2022-07-13 17:08:01,1215
16,4,2024-07-02 07:12:47,1228
8,21,2023-11-30 00:55:33,1050
36,13,2024-07-28 09:21:25,1336
3,22,2023-11-04 08:01:10,1429
41,46,2024-01-06 19:55:17,1087
76,47,2024-09-18 18:26:47,1484
2,43,2023-02-06 01:13:21,1207
86,43,2023-04-01 22:25:58,1032
98,33,2022-03-13 03:00:53,1076
11,12,2024-03-09 04:59:30,1228
78,13,2022-02-18 17:40:53,1353
23,41,2023-07-08 11:38:31,1383
1,20,2024-07-11 03:01:10,1141
16,22,2023-09-06 19:30:02,1239
90,6,2023-09-15 03:35:36,1290
12,8,2024-10-15 15:34:13,1471
94,6,2022-04-10 03:57:43,1096
81,2,2022-12-14 15:56:01,1393
2,14,2022-07-05 10:08:45,1327
11,47,2023-02-15 02:38:12,1483
88,42,2022-09-28 04:07:12,1483
25,48,2024-09-14 02:52:24,1387
40,4,2024-03-19 05:32:35,1195
23,18,2024-02-12 23:25:08,1072
53,15,2023-09-11 17:15:00,1428
26,12,2022-07-26 03:05:10,1152
57,17,2022-10-11 23:49:31,1048
75,24,2023-06-21 10:11:42,1179
67,29,2024-04-25 17:53:52,1425
22,3,2023-11-22 23:22:26,1487
50,10,2024-07-03 00:33:06,1276
90,28,2023-09-15 17:43:59,1178
88,19,2023-12-09 09:05:23,1107
65,36,2023-01-10 16:31:15,1425
35,6,2024-03-24 17:30:11,1263
34,14,2024-04-26 21:11:18,1240
15,34,2022-10-13 15:01:50,1338
61,9,2023-11-23 01:40:01,1240
48,37,2023-10-05 13:38:58,1194
5,21,2023-12-22 20:15:01,1360
46,1,2022-04-25 13:13:43,1082
43,22,2023-04-07 10:35:45,1332
24,23,2024-09-15 18:18:39,1157
70,12,2022-06-28 04:57:19,1386
79,30,2022-01-24 19:35:21,1304
56,47,2023-09-23 16:21:55,1205
32,17,2023-06-03 13:28:26,1371
44,31,2023-02-13 16:05:03,1348
6,15,2023-03-16 06:18:12,1391
65,7,2024-10-20 13:20:48,1216
35,37,2023-04-12 08:30:01,1206
21,33,2023-10-12 10:02:18,1086
77,45,2024-10-06 23:27:09,1483
73,49,2023-07-28 20:57:56,1072
43,4,2022-05-23 05:31:51,1497
99,10,2022-04-09 23:40:35,1411
51,11,2023-01-14 23:34:20,1236
