siret,nom
00000000100035,Asso Culture 1
00000000200038,Asso Culture 2
00000000300085,Asso Défense 3
00000000400010,Asso Forêt 4
00000000500099,Asso Culture 5
00000000600053,Asso Défense 6
00000000700029,Asso Forêt 7
00000000800053,Asso Nature 8
00000000900021,Asso Culture 9
00000001000022,Asso Défense 10
00000001100054,Asso Défense 11
00000001200015,Asso Culture 12
00000001300078,Asso Nature 13
00000001400058,Asso Nature 14
00000001500080,Asso Défense 15
00000001600090,Asso Défense 16
00000001700083,Asso Forêt 17
00000001800018,Asso Nature 18
00000001900094,Asso Forêt 19
00000002000047,Asso Nature 20
